"Year","Region","DOY_Start","DOY_End","DOY_cum25","DOY_cum50","DOY_cum75","N","Condition_factor","MDM_area","SSB","Mean_age","ICOADS.SST.mar.intp","ICOADS.SST.apr.int","FWinput.total","FWinput.total.t","NCEP.SST.fa","NCEP.SST.wi","NCEP.SST.sp","NCEP.MerWind.fa","NCEP.MerWind.wi","NCEP.MerWind.sp","NCEP.ZonWind.fa","NCEP.ZonWind.wi","NCEP.ZonWind.sp","Upwell.fa","Upwell.wi","Upwell.sp","a.MEI.v2.wi","a.MEI.v2.su","a.NPGO.wi","a.NPGO.su","a.PDO.wi","a.PDO.su","a.PNA.wi","a.PNA.su"
1980,"WPWS",99,105,100,105,105,8,1.35309286935915,7.334087405,68.15,4.04193548387097,4.117547,2.766667,41592283136,4.1592283136,7.17,4.516,3.516,2.9755,2.879666667,3.273,-5.133,-5.054666667,-5.143,-87,-350,-32,0.387854983375661,0.10231056107005,-1.12734550605964,-0.988461747854025,0.420426535420813,0.404417546764717,0.0419999999999999,0.14
1981,"WPWS",102,120,113,114,114,45,1.33047585346364,65.543818804,69.93,4.83185840707965,5.361538,5.25,45580050432,4.5580050432,7.528,4.623,3.664,2.2075,-0.595,0.967,-3.394,-5.477666667,-3.159,-141,-436,-73,-0.0921339254742521,0.361896399529696,-0.540561627640917,-0.869108518146075,0.923566178898124,-0.151323059439767,0.93,-0.9325
1982,"WPWS",116,125,119,121,124,35,1.39048329456604,44.188023508,60.74,5.61165048543689,3.5,4.775,31700475904,3.1700475904,5.486,3.701,1.896,1.445,2.255666667,1.01,-2.888,-6.895333333,-5.473,-105,-584,-35,-0.323312257083598,-0.377678347779864,-0.191616185149309,-0.385185423148385,0.197215493587243,0.763476292337161,-0.768,-0.645
1983,"WPWS",97,141,104,114,121,80,1.44187086154939,58.92914425,81.58,5.82241953385128,4.308333,5.05,36034445312,3.6034445312,5.964,2.954,2.808,2.495,2.283666667,1.699,-5.079,-3.796333333,-5.173,-105,-686,-130,2.47041910626324,1.53982836461545,-0.0509963799661243,-0.636912234896062,0.559476036890906,-0.0278251469498816,0.864,0.95
1984,"WPWS",101,131,110,114,118,131,1.34238262732381,77.32373943,95.17,5.4675,5.471429,5.65,34711977984,3.4711977984,6.448,3.479,2.712,1.0185,2.068333333,2.649,-3.3365,-3.642666667,-3.156,-158,-331,-64,-0.417350900450112,0.523525317815892,0.0149734051815428,-0.239791488776882,1.37547705867593,1.44957580616986,0.71,0.5125
1985,"WPWS",117,127,120,120,121,170,1.32500880005456,100.53422965,107.97,5.54065040650407,3.885714,5.6,32309465088,3.2309465088,4.734,3.231,1.993,-0.089,3.669,0.293,-2.852,-5.931666667,-4.166,-130,-241,-31,-0.48200246776459,-0.343393425719156,0.157329257342298,0.389525540592311,0.444211318567013,0.00647982874175325,-0.45,-1.0325
1986,"WPWS",105,123,109,111,115,177,1.52331883056668,93.823353299,93.38,6.01391035548686,4,5.55,37023547392,3.7023547392,6.188,2.094,1.725,2.7685,4.099666667,1.778,-4.3695,-5.009333333,-4.983,-78,-471,-88,-0.29980259624197,-0.370331578766855,-1.18984319725217,-0.343954307431093,0.780857480020923,0.274058639136505,0.154,-0.0175
1987,"WPWS",96,130,100,101,118,177,1.42761015746044,107.27782304,127.84,5.84396871140387,5.4,5.3,40897261568,4.0897261568,5.937,3.278,1.812,3.3345,2.947,4.232,-3.2945,-3.876666667,-4.723,-170,-328,-77,0.999106165258,0.716990235158459,0.016709452159113,-0.858258224536261,1.47610498737139,0.404417546764717,0.48,-0.4325
1988,"WPWS",109,122,112,114,115,170,1.31779968082965,143.97070201,141.19,4.55982730263158,4.446154,5.035294,41020207104,4.1020207104,5.453,3.424,2.055,2.27,1.730666667,-1.254,-4.1335,-2.475666667,-4.543,-85,-290,-77,0.499525872373396,1.60105143972386,0.589604954757275,0.168179550952112,0.632659985033061,1.12710903466849,0.694,-0.4325
1989,"WPWS",93,110,103,104,107,250,1.3222185752537,159.69758995,132.06,5.29744101030243,3.492308,4.770588,39198699520,3.919869952,5.474,2.248,1.104,1.575,2.333,2.226,-3.012,-3.053333333,-6.006,-162,-164,-116,-1.2911266283973,-1.62418015698704,0.73022475994046,1.21848797238207,-0.682821482822162,-0.338856926554037,-0.88,0.33
1990,"WPWS",98,112,106,107,108,111,1.24866731610581,74.399020674,111.8,6.10804020100502,3.758654,4.585294,38429278208,3.8429278208,5.529,2.129,1.547,-1.2375,2.591333333,2.028,-2.2965,-3.195333333,-0.351,-90,-213,-71,0.131207852521218,-0.879707563668804,-0.0909254604502385,0.552279944739516,-0.622444725604885,-0.00495516315545834,-0.792,-0.2525
1991,"WPWS",97,128,112,116,125,61,1.27973648863441,38.56613806,104.08,5.02954375467464,4.025,4.4,38920323072,3.8920323072,6.002,2.011,1.321,1.469,2.934,4.657,-4.216,-4.101333333,-2.65,-90,-155,1,0.139044406135094,0.0900659460483681,-0.835689613827849,-0.298383074269876,-1.40917216813304,-0.21307201568471,-0.632,-0.0875
1992,"WPWS",103,118,114,115,117,142,1.17039836603439,68.087834103,88.81,5.10462854920265,4.440909,4.797143,36698693632,3.6698693632,4.69,3.206,2.215,3.1475,1.708333333,1.63,-3.5475,-2.353,-4.542,-181,-255,-24,1.43599402923159,0.660665006058724,-0.323555755444644,-0.639082293618025,0.204533888401458,-0.848857565169675,0.386,0.0575
1993,"WPWS",97,117,103,105,108,117,1.1057278056401,38.73677215,46.89,5.27704722056187,4.01393933333333,6.7,41502326784,4.1502326784,5.959,2.964,2.19,2.1615,1.846666667,3.491,-1.822,-5.464666667,-4.146,-81,-114,-47,0.765968695245185,0.687603159106423,-1.83044453197557,-1.20763767877226,0.369197771721305,0.992176130281393,-0.166,0.0600000000000001
1994,"WPWS",106,115,110,111,111,56,1.18005992107372,21.38444619,24.04,5.90423708057801,3.58696966666667,5.275,36048601088,3.6048601088,5.483,2.924,2.081,0.557,2.258333333,-0.257,-2.5505,-4.672,-4.54,-25,-458,-31,0.0900659460483681,0.871272384431645,-1.97627247809146,-1.62211889466714,0.667422360400584,1.59136970569528,-0.354,-0.19
1995,"WPWS",117,122,117,118,119,36,1.22056145462344,18.63775503,23.42,5.68221343873518,3.16,3.85,39957778432,3.9957778432,6.444,2.503,1.664,-1.7695,-1.881,-1.231,-4.695,-3.857,-3.032,-61,-315,-93,0.609237622967662,0.714541312154123,-1.3044222977718,-0.832217519872708,-0.756005430964316,-0.659036699675962,-0.062,-1.205
1996,"WPWS",105,126,110,110,111,40,1.265761674457,19.8831081,23.27,4.65497076023392,3.723163,4.908842,27028660224,2.7028660224,5.527,2.602,1.686,-2.373,-0.888666667,-1.822,-3.4705,-6.104666667,-5.15,-209,-366,-31,-0.7660775362676,-0.458492806922961,-0.623891882564286,-1.08611439034235,0.687547946139676,0.790920272890469,-0.448,0.2625
1997,"WPWS",105,111,108,109,110,67,1.27808023317811,34.756064928,25.71,5.34408329101067,3.730081,4.621601,41549914112,4.1549914112,7.106,2.526,1.625,-0.0175,0.990666667,-0.142,-3.7655,-5.698333333,-3.899,-132,-284,-91,-0.50159385179928,-0.64461095525252,-1.13081760001478,-0.905999516419441,0.341753791167997,0.319798606725351,-0.584,-0.55
1998,"WPWS",95,112,101,102,109,87,1.25795628714915,34.544935916,20.58,4.91171617161716,5.490752,6.199375,37639438336,3.7639438336,6.229,3.979,3.415,-0.084,-0.156,1.031,-3.944,-4.005666667,-5.006,-110,-328,-14,2.1314881624631,2.11042742462581,0.530579357519888,-0.767115758213826,1.23093876109517,1.9275584674733,0.718,-0.12
1999,"WPWS",106,112,108,109,110,20,1.29183588405511,14.30966879,15.52,5.85204702067288,3.997802,4.59285,36845387776,3.6845387776,5.396,3.444,2.048,1.3515,1.822666667,1.084,-4.5515,-4.392666667,-5.053,-75,-314,-52,-1.22255678427588,-1.03154078993765,1.06701787358908,0.0575065561320124,-0.856633359659778,-0.958633487382906,-0.042,0.395
2000,"WPWS",101,115,101,103,105,29,1.33095978566164,9.396236504,14.59,6.20353982300885,4.543695,5.441667,38689902592,3.8689902592,5.629,2.632,2.174,-0.648,0.514,-0.241,-4.9155,-5.315666667,-5.025,-148,-166,-49,-1.33030939646668,-1.17602724719349,1.2753435108975,1.18593709155263,-1.4347865499828,-1.8231188748121,0.162,0.4475
2001,"WPWS",109,116,109,113,113,10,1.29718314977352,8.103282455,13.82,5.60940627084723,4.853333,5.811765,42000809984,4.2000809984,6.195,3.245,2.741,-0.9,-0.227,-3.422,-3.909,-5.002333333,-3.18,-101,-226,-63,-0.848361349213299,-0.556449727096413,2.02878789916296,1.28792985148488,-0.106497891202697,-1.13473236259996,0.558,-1.365
2002,"WPWS",106,114,112,114,114,7,1.34600091731653,12.354284692,17.96,4.00800854244527,3.598506,4.027121,46946672640,4.694667264,6.604,2.953,1.492,1.3745,-0.278,-3.214,-6.2055,-5.331666667,-4.317,-114,-232,-31,-0.162662907999137,-0.140132816359243,1.56699940312929,1.54182672195452,-0.946283696133917,-1.54867906927902,-0.216,-0.3375
2003,"WPWS",93,107,105,105,107,17,1.34548865400356,7.900931437,24.97,4.15178571428571,5.394658,5.579153,41124040704,4.1124040704,6.696,4.426,3.274,-1.6115,-1.093333333,-0.011,-3.251,-5.022,-1.95,-111,-188,-77,0.671930051878671,0.616584391980671,1.39860284630498,0.882128870477851,1.23276835979873,-0.382309895763441,0.814,0.4175
2004,"WPWS",100,111,103,103,106,13,1.29303136443514,11.134419624,24.95,4.95758928571429,3.99236,4.789538,40546033664,4.0546033664,5.95,3.018,2.207,0.2965,-1.452666667,0.817,-3.3565,-3.994666667,-4.521,-43,-354,-23,-0.0137683893354907,-0.00544205112074731,0.127816458723605,0.66729305700354,-0.24554739267279,0.166569715302716,-0.018,0.12
2005,"WPWS",107,123,107,107,123,13,1.19046343286883,5.032378282,20.1,5.22895622895623,4.240082,5.25552,42924412928,4.2924412928,6.269,2.846,2.282,-0.649,-0.000333333,-2.511,-3.6035,-4.767,-4.434,-39,-272,-93,0.468179657917892,0.308020093434298,-1.17421877445403,0.369995012094646,-0.168704247123528,0.116255750954985,0.016,0.2
2006,"WPWS",88,98,98,98,98,2,NA,1.317361073,18.23,NA,4.375143,4.824842,41117036544,4.1117036544,5.901,3.199,2.06,-1.97,-0.667333333,-3.124,-4.136,-4.605666667,-3.212,-240,-368,-126,-0.668120616094148,0.00190471789226156,-1.04748734509141,-1.34435137825591,-0.258354583597667,-0.0301121453293239,-0.154,0.6025
2007,"WPWS",116,141,129,129,130,44,1.27090689674187,8.35206147,21.28,3.16067329762816,3.318802,3.96292,36057169920,3.605716992,5.83,2.262,1.277,1.2915,-1.075666667,0.709,-4.5425,-4.792,-4.952,-262,-335,-219,0.419201197831166,0.234552403304209,-0.512784875999794,-0.411226127811938,-0.609637534680008,-0.336569928174595,-0.012,-0.2175
2008,"WPWS",113,122,114,120,120,31,1.26337186577121,16.770702933,26.14,3.74741426238432,3.618571,4.563506,39652753408,3.9652753408,5.785,2.576,1.351,0.3545,-1.740666667,-0.944,-3.35,-3.524,-4.237,-147,-432,-152,-1.24998472192445,-0.923788177746857,0.619117753375968,0.923359986195143,-1.1255843690822,-0.0461211339854201,-0.162,1.2075
2009,"WPWS",112,133,117,117,119,9,1.40584198102179,5.361143298,24.11,3.06896551724138,3.647651,4.138915,40679636992,4.0679636992,6.347,2.275,0.973,-0.56,0.043666667,1.971,-4.249,-5.310333333,-5.402,-162,-229,-111,-0.9874601758596,-0.977664483842255,0.63995031710681,1.41596331608068,-1.49150410979297,-1.64930699797449,-0.678,-0.1225
2010,"WPWS",114,124,114,114,124,4,NA,0.705356039,23.32,NA,4.213748,5.152002,40616488960,4.061648896,5.886,3.082,2.589,0.5935,-2.04,-2.097,-5.238,-4.496,-5.2,-95,-406,-42,1.0559211789586,0.300673324421289,1.20937372574983,0.450287184807267,-0.166874648419975,-0.293116958965191,0.67,0.7125
2011,"WPWS",104,104,104,104,104,4,NA,0.772204043,19.55,NA,4.141713,4.853311,43089375232,4.3089375232,5.934,2.996,1.782,-0.4965,1.439333333,-1.238,-3.342,-3.201333333,-1.979,-82,-143,-61,-1.82988968935128,-2.0943733738196,0.54620378031802,0.84957798964841,-1.41832016165081,-1.62872401255951,-0.784,0.7325
2012,"WPWS",116,116,116,116,116,1,NA,1.607566089,17.58,NA,3.354406,4.981543,45832208384,4.5832208384,5.674,2.134,1.032,-1.312,0.231666667,0.084,-3.822,-4.768333333,-3.253,-46,-65,-12,-0.965909653421441,-1.00215371388562,0.4541932905068,0.860428283258224,-1.79521749458291,-1.81397088129433,-0.012,0.1525
2013,"WPWS",114,129,114,129,129,7,NA,6.006624337,14.77,NA,3.642962,4.045479,44368658432,4.4368658432,6.753,2.663,1.777,0.758,0.458666667,0.227,-3.262,-4.325666667,-3.519,-219,-148,-14,-0.105847894298535,-0.11564358631588,0.863900377213364,1.37473220036339,-1.01946764427607,-2.12728965927793,-0.456,-0.395
2014,"WPWS",NA,NA,NA,NA,NA,NA,NA,NA,11.42,NA,3.533333,5.592938,35883646976,3.5883646976,7.225,3,1.994,0.3835,0.196666667,0.141,-4.18,-5.456666667,-3.424,-38,-144,-35,-0.331148810697474,-0.740118952421635,-0.705486090510085,0.34178424870913,-0.439484855249499,-1.08899239501112,-0.756,-0.1775
2015,"WPWS",117,124,120,121,122,22,1.4019027601064,7.633188423,8.02,5.77922077922078,5.372435,5.927593,31202525184,3.1202525184,6.841,4.516,3.165,-0.1385,0.613666667,-0.323,-2.597,-5.798,-3.969,-93,-203,-28,0.186063727818351,0.0508831779789874,-0.684653526779242,-0.526239240075963,1.4559794016323,0.315224609966467,0.224,0.2975
2016,"WPWS",NA,NA,NA,NA,NA,NA,NA,NA,6.42,NA,5.185368,6.797632,40512184320,4.051218432,7.095,4.062,3.932,-1.2975,-0.419333333,-2.683,-3.8345,-1.827,-4.438,-54,-346,-63,1.70439599050685,1.86063727818351,-0.419038339211004,-1.58522789639378,0.811960657981339,1.02419410759359,0.86,-0.1325
2017,"WPWS",NA,NA,NA,NA,NA,NA,1.14037843339484,NA,6.17,3.51207729468599,4.695522,6.205694,31569080320,3.156908032,6.463,3.769,2.352,-1.6885,-0.946666667,-2.024,-2.2435,-3.602,-2.37,-159,-71,-164,-0.468288498940306,-0.216049429493668,-0.504104641111943,-0.719374466330646,0.365538574314198,0.0682287849866959,0.084,-0.2275
2018,"WPWS",NA,NA,NA,NA,NA,NA,1.58932497662081,NA,6.97,3.80205655526992,4.720439,5.10123,34919833600,3.49198336,7.014,3.036,2.223,0.155,-0.335333333,1.401,-4.6105,-2.904333333,-4.21,-108,-201,-18,-0.736690460215564,-0.654406647269865,-1.9450236324952,-0.508878770300261,-0.110157088609805,-0.133027072404228,-0.874,0.5975
2019,"WPWS",95,123,95,123,123,4,NA,0.54446603,13.67,NA,5.374216,6.139164,24796430336,2.4796430336,6.666,3.963,3.244,0.93,0.504666667,-1.671,-3.2595,-3.532666667,-1.14,-141,-91,-33,0.317326000850776,0.0214961019269519,-1.55267701556434,-1.8456349430293,-0.346175321368253,-0.206211020546383,-0.116,0.575
